{
  "num_features": [
    "age",
    "TSH",
    "T3",
    "TT4",
    "T4U",
    "FTI",
    "hormone_score",
    "T4U_TT4_ratio"
  ],
  "bin_features": [
    "sex",
    "on_thyroxine",
    "query_on_thyroxine",
    "on_antithyroid_medication",
    "sick",
    "pregnant",
    "thyroid_surgery",
    "I131_treatment",
    "query_hypothyroid",
    "query_hyperthyroid",
    "lithium",
    "goitre",
    "tumor",
    "hypopituitary",
    "psych",
    "T3_abnormal",
    "FTI_abnormal"
  ],
  "all_features": [
    "age",
    "TSH",
    "T3",
    "TT4",
    "T4U",
    "FTI",
    "hormone_score",
    "T4U_TT4_ratio",
    "sex",
    "on_thyroxine",
    "query_on_thyroxine",
    "on_antithyroid_medication",
    "sick",
    "pregnant",
    "thyroid_surgery",
    "I131_treatment",
    "query_hypothyroid",
    "query_hyperthyroid",
    "lithium",
    "goitre",
    "tumor",
    "hypopituitary",
    "psych",
    "T3_abnormal",
    "FTI_abnormal"
  ],
  "bool_cols": [
    "on_thyroxine",
    "query_on_thyroxine",
    "on_antithyroid_medication",
    "sick",
    "pregnant",
    "thyroid_surgery",
    "I131_treatment",
    "query_hypothyroid",
    "query_hyperthyroid",
    "lithium",
    "goitre",
    "tumor",
    "hypopituitary",
    "psych"
  ],
  "target_col": "target",
  "best_params": {
    "n_estimators": "500",
    "min_samples_split": "5",
    "min_samples_leaf": "1",
    "max_features": "0.5",
    "max_depth": "30",
    "class_weight": "balanced_subsample"
  },
  "test_f1": 0.942401864025479,
  "test_accuracy": 0.9416893732970028,
  "cv_f1": 0.9584424093896061,
  "train_samples": 10832,
  "test_samples": 1835,
  "feature_importances": {
    "age": 0.030879719752474007,
    "TSH": 0.1692513991255705,
    "T3": 0.06666541513848451,
    "TT4": 0.10063113378151578,
    "T4U": 0.08086239322034894,
    "FTI": 0.10476576631276001,
    "hormone_score": 0.21692869682910199,
    "T4U_TT4_ratio": 0.0788504748897166,
    "sex": 0.007364161990278099,
    "on_thyroxine": 0.008699152502520634,
    "query_on_thyroxine": 0.0019735602041989733,
    "on_antithyroid_medication": 0.0018432712290348883,
    "sick": 0.001351467070736081,
    "pregnant": 0.0013944077314709108,
    "thyroid_surgery": 0.0013112495923429052,
    "I131_treatment": 0.00019334164800697496,
    "query_hypothyroid": 0.002023390483098231,
    "query_hyperthyroid": 0.0046045494211182005,
    "lithium": 0.00034889607405990124,
    "goitre": 0.0011423721599173574,
    "tumor": 0.0018007348089911467,
    "hypopituitary": 3.882922822025548e-05,
    "psych": 0.002608686435427229,
    "T3_abnormal": 0.10334759439485401,
    "FTI_abnormal": 0.011119335975751885
  }
}