{
  "num_features": [
    "age",
    "TSH",
    "T3",
    "TT4",
    "T4U",
    "FTI",
    "hormone_score",
    "T4U_TT4_ratio"
  ],
  "bin_features": [
    "sex",
    "on_thyroxine",
    "query_on_thyroxine",
    "on_antithyroid_medication",
    "sick",
    "pregnant",
    "thyroid_surgery",
    "I131_treatment",
    "query_hypothyroid",
    "query_hyperthyroid",
    "lithium",
    "goitre",
    "tumor",
    "hypopituitary",
    "psych",
    "T3_abnormal",
    "FTI_abnormal"
  ],
  "all_features": [
    "age",
    "TSH",
    "T3",
    "TT4",
    "T4U",
    "FTI",
    "hormone_score",
    "T4U_TT4_ratio",
    "sex",
    "on_thyroxine",
    "query_on_thyroxine",
    "on_antithyroid_medication",
    "sick",
    "pregnant",
    "thyroid_surgery",
    "I131_treatment",
    "query_hypothyroid",
    "query_hyperthyroid",
    "lithium",
    "goitre",
    "tumor",
    "hypopituitary",
    "psych",
    "T3_abnormal",
    "FTI_abnormal"
  ],
  "bool_cols": [
    "on_thyroxine",
    "query_on_thyroxine",
    "on_antithyroid_medication",
    "sick",
    "pregnant",
    "thyroid_surgery",
    "I131_treatment",
    "query_hypothyroid",
    "query_hyperthyroid",
    "lithium",
    "goitre",
    "tumor",
    "hypopituitary",
    "psych"
  ],
  "target_col": "target",
  "best_params": {
    "n_estimators": "500",
    "min_samples_split": "5",
    "min_samples_leaf": "1",
    "max_features": "0.5",
    "max_depth": "30",
    "class_weight": "balanced_subsample"
  },
  "test_f1": 0.9429233207396044,
  "test_accuracy": 0.9422343324250682,
  "cv_f1": 0.9579806221675957,
  "train_samples": 10832,
  "test_samples": 1835,
  "feature_importances": {
    "age": 0.03084014230856601,
    "TSH": 0.17069825615499049,
    "T3": 0.06500156713415862,
    "TT4": 0.1004077313749192,
    "T4U": 0.08178892351183939,
    "FTI": 0.10463059701471944,
    "hormone_score": 0.21764119074739138,
    "T4U_TT4_ratio": 0.07687021045982997,
    "sex": 0.007381911344928796,
    "on_thyroxine": 0.008709073943608522,
    "query_on_thyroxine": 0.0019117073030724253,
    "on_antithyroid_medication": 0.0017315697732838012,
    "sick": 0.001319403319810348,
    "pregnant": 0.001457519795023029,
    "thyroid_surgery": 0.0014337347386485894,
    "I131_treatment": 0.0001754476327353265,
    "query_hypothyroid": 0.001968451778339472,
    "query_hyperthyroid": 0.0045249581856211,
    "lithium": 0.00035016654830888946,
    "goitre": 0.0010901231918836447,
    "tumor": 0.0018798740527633884,
    "hypopituitary": 4.566641647586063e-05,
    "psych": 0.0026009166095331106,
    "T3_abnormal": 0.10412167145060577,
    "FTI_abnormal": 0.011419185208943406
  }
}